{
    "accuracy": 0.64,
    "precision": 0.6744186046511628,
    "recall": 0.48333333333333334,
    "auc": 0.7266666666666667
}